id,prolific_id,study_id,session_id,concent_accepted,demo1,demo2,vaiak,vaiak2,questionnaire
3,5ecd37ee75736a068808fa6c,622b583de6baafcac196edf3,6241bbb00f195637900faa8c,1,"{""rt"":8212,""response"":{""age"":""20"",""nationality"":""polish""},""trial_type"":""survey-html-form"",""trial_index"":3,""time_elapsed"":54080,""internal_node_id"":""0.0-3.0""}","{""rt"":34552,""response"":{""demo_gender"":""male"",""demo_edu"":""secondary education"",""demo_colorblind"":""No""},""question_order"":[0,1,2],""trial_type"":""survey-multi-choice"",""trial_index"":4,""time_elapsed"":88635,""internal_node_id"":""0.0-4.0""}","{""rt"":29479,""response"":{""VAIAK1"":5,""VAIAK2"":6,""VAIAK3"":2,""VAIAK4"":5,""VAIAK5"":5,""VAIAK6"":5,""VAIAK7"":2},""question_order"":[0,1,2,3,4,5,6],""trial_type"":""survey-likert"",""trial_index"":5,""time_elapsed"":118118,""internal_node_id"":""0.0-5.0""}","{""rt"":25640,""response"":{""2VAIAK1"":2,""2VAIAK2"":2,""2VAIAK3"":5,""2VAIAK4"":1},""question_order"":[0,1,2,3],""trial_type"":""survey-likert"",""trial_index"":6,""time_elapsed"":143761,""internal_node_id"":""0.0-6.0""}","{""rt"":2651,""response"":{""imgs_known"":""1-10""},""question_order"":[0],""trial_type"":""survey-multi-choice"",""trial_index"":243,""time_elapsed"":656714,""internal_node_id"":""0.0-243.0""}"
6,601ef06dec317f3e2f1d48a5,622b583de6baafcac196edf3,6241bbb8ff43d2cee5eb6ea4,1,"{""rt"":7484.3000000007,""response"":{""age"":""19"",""nationality"":""polish""},""trial_type"":""survey-html-form"",""trial_index"":3,""time_elapsed"":65245,""internal_node_id"":""0.0-3.0""}","{""rt"":7992.9000000004,""response"":{""demo_gender"":""male"",""demo_edu"":""secondary education"",""demo_colorblind"":""No""},""question_order"":[0,1,2],""trial_type"":""survey-multi-choice"",""trial_index"":4,""time_elapsed"":73240,""internal_node_id"":""0.0-4.0""}","{""rt"":25734,""response"":{""VAIAK1"":4,""VAIAK2"":6,""VAIAK3"":6,""VAIAK4"":6,""VAIAK5"":6,""VAIAK6"":5,""VAIAK7"":0},""question_order"":[0,1,2,3,4,5,6],""trial_type"":""survey-likert"",""trial_index"":5,""time_elapsed"":98979,""internal_node_id"":""0.0-5.0""}","{""rt"":19814.4,""response"":{""2VAIAK1"":0,""2VAIAK2"":0,""2VAIAK3"":5,""2VAIAK4"":0},""question_order"":[0,1,2,3],""trial_type"":""survey-likert"",""trial_index"":6,""time_elapsed"":118797,""internal_node_id"":""0.0-6.0""}","{""rt"":1481.6999999993,""response"":{""imgs_known"":""1-10""},""question_order"":[0],""trial_type"":""survey-multi-choice"",""trial_index"":243,""time_elapsed"":477627,""internal_node_id"":""0.0-243.0""}"
9,615b5f1e0f8fff7384c0e6ee,622b583de6baafcac196edf3,6241bbb40422928c741ecede,1,"{""rt"":27091.5,""response"":{""age"":""39"",""nationality"":""south african""},""trial_type"":""survey-html-form"",""trial_index"":3,""time_elapsed"":123690,""internal_node_id"":""0.0-3.0""}","{""rt"":9761.2000000477,""response"":{""demo_gender"":""female"",""demo_edu"":""Bachelor's or equivalent"",""demo_colorblind"":""No""},""question_order"":[0,1,2],""trial_type"":""survey-multi-choice"",""trial_index"":4,""time_elapsed"":133456,""internal_node_id"":""0.0-4.0""}","{""rt"":46984,""response"":{""VAIAK1"":5,""VAIAK2"":5,""VAIAK3"":5,""VAIAK4"":5,""VAIAK5"":5,""VAIAK6"":5,""VAIAK7"":0},""question_order"":[0,1,2,3,4,5,6],""trial_type"":""survey-likert"",""trial_index"":5,""time_elapsed"":180449,""internal_node_id"":""0.0-5.0""}","{""rt"":45573.099999964,""response"":{""2VAIAK1"":3,""2VAIAK2"":4,""2VAIAK3"":5,""2VAIAK4"":2},""question_order"":[0,1,2,3],""trial_type"":""survey-likert"",""trial_index"":6,""time_elapsed"":226030,""internal_node_id"":""0.0-6.0""}","{""rt"":27739.900000036,""response"":{""imgs_known"":""1-10""},""question_order"":[0],""trial_type"":""survey-multi-choice"",""trial_index"":253,""time_elapsed"":2182978,""internal_node_id"":""0.0-253.0""}"
12,600de197658fd23cca8b3bf1,622b583de6baafcac196edf3,6241bbc58c48d4d90827837f,1,"{""rt"":16467.699999928,""response"":{""age"":""23"",""nationality"":""portuguese""},""trial_type"":""survey-html-form"",""trial_index"":3,""time_elapsed"":85235,""internal_node_id"":""0.0-3.0""}","{""rt"":8480.2000000477,""response"":{""demo_gender"":""female"",""demo_edu"":""Bachelor's or equivalent"",""demo_colorblind"":""No""},""question_order"":[0,1,2],""trial_type"":""survey-multi-choice"",""trial_index"":4,""time_elapsed"":93720,""internal_node_id"":""0.0-4.0""}","{""rt"":25068.200000048,""response"":{""VAIAK1"":6,""VAIAK2"":6,""VAIAK3"":5,""VAIAK4"":6,""VAIAK5"":6,""VAIAK6"":6,""VAIAK7"":5},""question_order"":[0,1,2,3,4,5,6],""trial_type"":""survey-likert"",""trial_index"":5,""time_elapsed"":118796,""internal_node_id"":""0.0-5.0""}","{""rt"":33459.399999976,""response"":{""2VAIAK1"":3,""2VAIAK2"":5,""2VAIAK3"":5,""2VAIAK4"":3},""question_order"":[0,1,2,3],""trial_type"":""survey-likert"",""trial_index"":6,""time_elapsed"":152262,""internal_node_id"":""0.0-6.0""}","{""rt"":2674.2000000477,""response"":{""imgs_known"":""11-25""},""question_order"":[0],""trial_type"":""survey-multi-choice"",""trial_index"":243,""time_elapsed"":1346101,""internal_node_id"":""0.0-243.0""}"
15,60bbce79ba111569d6d37efb,622b583de6baafcac196edf3,6241bbce9f9d9cf92cb503ac,1,"{""rt"":24872.300000012,""response"":{""age"":""19"",""nationality"":""south african""},""trial_type"":""survey-html-form"",""trial_index"":3,""time_elapsed"":45884,""internal_node_id"":""0.0-3.0""}","{""rt"":11924.699999988,""response"":{""demo_gender"":""female"",""demo_edu"":""secondary education"",""demo_colorblind"":""No""},""question_order"":[0,1,2],""trial_type"":""survey-multi-choice"",""trial_index"":4,""time_elapsed"":57818,""internal_node_id"":""0.0-4.0""}","{""rt"":29312.300000012,""response"":{""VAIAK1"":6,""VAIAK2"":4,""VAIAK3"":5,""VAIAK4"":4,""VAIAK5"":4,""VAIAK6"":4,""VAIAK7"":4},""question_order"":[0,1,2,3,4,5,6],""trial_type"":""survey-likert"",""trial_index"":5,""time_elapsed"":87140,""internal_node_id"":""0.0-5.0""}","{""rt"":26908.599999964,""response"":{""2VAIAK1"":1,""2VAIAK2"":0,""2VAIAK3"":3,""2VAIAK4"":0},""question_order"":[0,1,2,3],""trial_type"":""survey-likert"",""trial_index"":6,""time_elapsed"":114056,""internal_node_id"":""0.0-6.0""}",
18,606a24dfb1cca98a23010f9d,622b583de6baafcac196edf3,6241bbd3c2957a9146b6a001,1,"{""rt"":10459.399999999,""response"":{""age"":""39"",""nationality"":""greek""},""trial_type"":""survey-html-form"",""trial_index"":3,""time_elapsed"":85378,""internal_node_id"":""0.0-3.0""}","{""rt"":8035.9000000022,""response"":{""demo_gender"":""female"",""demo_edu"":""secondary education"",""demo_colorblind"":""No""},""question_order"":[0,1,2],""trial_type"":""survey-multi-choice"",""trial_index"":4,""time_elapsed"":93417,""internal_node_id"":""0.0-4.0""}","{""rt"":41331.800000001,""response"":{""VAIAK1"":5,""VAIAK2"":4,""VAIAK3"":4,""VAIAK4"":5,""VAIAK5"":4,""VAIAK6"":5,""VAIAK7"":5},""question_order"":[0,1,2,3,4,5,6],""trial_type"":""survey-likert"",""trial_index"":5,""time_elapsed"":134755,""internal_node_id"":""0.0-5.0""}","{""rt"":32247,""response"":{""2VAIAK1"":2,""2VAIAK2"":2,""2VAIAK3"":4,""2VAIAK4"":2},""question_order"":[0,1,2,3],""trial_type"":""survey-likert"",""trial_index"":6,""time_elapsed"":167006,""internal_node_id"":""0.0-6.0""}","{""rt"":2828.8999999985,""response"":{""imgs_known"":""11-25""},""question_order"":[0],""trial_type"":""survey-multi-choice"",""trial_index"":243,""time_elapsed"":1518995,""internal_node_id"":""0.0-243.0""}"
21,60f4156dc3cbefbca9b5b93e,622b583de6baafcac196edf3,6241bbc9dd5a230d219dd9d8,1,"{""rt"":5961.6000001431,""response"":{""age"":""22"",""nationality"":""american""},""trial_type"":""survey-html-form"",""trial_index"":3,""time_elapsed"":14232,""internal_node_id"":""0.0-3.0""}","{""rt"":6162.5,""response"":{""demo_gender"":""female"",""demo_edu"":""secondary education"",""demo_colorblind"":""No""},""question_order"":[0,1,2],""trial_type"":""survey-multi-choice"",""trial_index"":4,""time_elapsed"":20398,""internal_node_id"":""0.0-4.0""}","{""rt"":27130.799999952,""response"":{""VAIAK1"":6,""VAIAK2"":6,""VAIAK3"":6,""VAIAK4"":6,""VAIAK5"":6,""VAIAK6"":6,""VAIAK7"":5},""question_order"":[0,1,2,3,4,5,6],""trial_type"":""survey-likert"",""trial_index"":5,""time_elapsed"":47535,""internal_node_id"":""0.0-5.0""}","{""rt"":9445.3999998569,""response"":{""2VAIAK1"":1,""2VAIAK2"":5,""2VAIAK3"":5,""2VAIAK4"":2},""question_order"":[0,1,2,3],""trial_type"":""survey-likert"",""trial_index"":6,""time_elapsed"":56986,""internal_node_id"":""0.0-6.0""}","{""rt"":10692.799999952,""response"":{""imgs_known"":""None""},""question_order"":[0],""trial_type"":""survey-multi-choice"",""trial_index"":253,""time_elapsed"":1690476,""internal_node_id"":""0.0-253.0""}"
24,606e4dff1e0d70fbc5536f9a,622b583de6baafcac196edf3,6241bbd8c7cab6a11ac133a8,1,"{""rt"":6609.2000000477,""response"":{""age"":""20"",""nationality"":""portuguese""},""trial_type"":""survey-html-form"",""trial_index"":3,""time_elapsed"":54919,""internal_node_id"":""0.0-3.0""}","{""rt"":5770.3000000119,""response"":{""demo_gender"":""male"",""demo_edu"":""Bachelor's or equivalent"",""demo_colorblind"":""No""},""question_order"":[0,1,2],""trial_type"":""survey-multi-choice"",""trial_index"":4,""time_elapsed"":60691,""internal_node_id"":""0.0-4.0""}","{""rt"":23651.300000012,""response"":{""VAIAK1"":5,""VAIAK2"":5,""VAIAK3"":1,""VAIAK4"":5,""VAIAK5"":5,""VAIAK6"":5,""VAIAK7"":4},""question_order"":[0,1,2,3,4,5,6],""trial_type"":""survey-likert"",""trial_index"":5,""time_elapsed"":84345,""internal_node_id"":""0.0-5.0""}","{""rt"":17444.899999976,""response"":{""2VAIAK1"":2,""2VAIAK2"":2,""2VAIAK3"":5,""2VAIAK4"":2},""question_order"":[0,1,2,3],""trial_type"":""survey-likert"",""trial_index"":6,""time_elapsed"":101792,""internal_node_id"":""0.0-6.0""}","{""rt"":2166,""response"":{""imgs_known"":""1-10""},""question_order"":[0],""trial_type"":""survey-multi-choice"",""trial_index"":243,""time_elapsed"":507469,""internal_node_id"":""0.0-243.0""}"
27,61738fcd52222c3e96d6545b,622b583de6baafcac196edf3,6241bbcd8ebd8469f5645571,1,"{""rt"":16261,""response"":{""age"":""38"",""nationality"":""south african""},""trial_type"":""survey-html-form"",""trial_index"":3,""time_elapsed"":112760,""internal_node_id"":""0.0-3.0""}","{""rt"":17211.5,""response"":{""demo_gender"":""male"",""demo_edu"":""Bachelor's or equivalent"",""demo_colorblind"":""No""},""question_order"":[0,1,2],""trial_type"":""survey-multi-choice"",""trial_index"":4,""time_elapsed"":129975,""internal_node_id"":""0.0-4.0""}","{""rt"":45474.399999976,""response"":{""VAIAK1"":4,""VAIAK2"":4,""VAIAK3"":5,""VAIAK4"":5,""VAIAK5"":4,""VAIAK6"":5,""VAIAK7"":3},""question_order"":[0,1,2,3,4,5,6],""trial_type"":""survey-likert"",""trial_index"":5,""time_elapsed"":175455,""internal_node_id"":""0.0-5.0""}","{""rt"":39324.200000048,""response"":{""2VAIAK1"":1,""2VAIAK2"":2,""2VAIAK3"":4,""2VAIAK4"":2},""question_order"":[0,1,2,3],""trial_type"":""survey-likert"",""trial_index"":6,""time_elapsed"":214784,""internal_node_id"":""0.0-6.0""}","{""rt"":13372.799999952,""response"":{""imgs_known"":""more than 25""},""question_order"":[0],""trial_type"":""survey-multi-choice"",""trial_index"":253,""time_elapsed"":2575881,""internal_node_id"":""0.0-253.0""}"
30,5e3efe99b8a613000a60df84,622b583de6baafcac196edf3,6241bbdf07e4f0939141df36,1,"{""rt"":5846.1999999993,""response"":{""age"":""38"",""nationality"":""polish""},""trial_type"":""survey-html-form"",""trial_index"":3,""time_elapsed"":235804,""internal_node_id"":""0.0-3.0""}","{""rt"":4816.6999999993,""response"":{""demo_gender"":""male"",""demo_edu"":""Master's or equivalent"",""demo_colorblind"":""No""},""question_order"":[0,1,2],""trial_type"":""survey-multi-choice"",""trial_index"":4,""time_elapsed"":240622,""internal_node_id"":""0.0-4.0""}","{""rt"":31686.399999999,""response"":{""VAIAK1"":2,""VAIAK2"":1,""VAIAK3"":2,""VAIAK4"":1,""VAIAK5"":1,""VAIAK6"":3,""VAIAK7"":1},""question_order"":[0,1,2,3,4,5,6],""trial_type"":""survey-likert"",""trial_index"":5,""time_elapsed"":272312,""internal_node_id"":""0.0-5.0""}","{""rt"":13328.599999998,""response"":{""2VAIAK1"":2,""2VAIAK2"":0,""2VAIAK3"":0,""2VAIAK4"":0},""question_order"":[0,1,2,3],""trial_type"":""survey-likert"",""trial_index"":6,""time_elapsed"":285643,""internal_node_id"":""0.0-6.0""}","{""rt"":6188.5,""response"":{""imgs_known"":""1-10""},""question_order"":[0],""trial_type"":""survey-multi-choice"",""trial_index"":253,""time_elapsed"":927674,""internal_node_id"":""0.0-253.0""}"
33,612f8ff9a298f1f17906fb61,622b583de6baafcac196edf3,6241bbe24476a8f1c943e60f,1,"{""rt"":6969.5,""response"":{""age"":""21"",""nationality"":""italian""},""trial_type"":""survey-html-form"",""trial_index"":3,""time_elapsed"":15349,""internal_node_id"":""0.0-3.0""}","{""rt"":5486.7999999523,""response"":{""demo_gender"":""male"",""demo_edu"":""secondary education"",""demo_colorblind"":""No""},""question_order"":[0,1,2],""trial_type"":""survey-multi-choice"",""trial_index"":4,""time_elapsed"":20837,""internal_node_id"":""0.0-4.0""}","{""rt"":28892.200000048,""response"":{""VAIAK1"":2,""VAIAK2"":1,""VAIAK3"":0,""VAIAK4"":0,""VAIAK5"":0,""VAIAK6"":1,""VAIAK7"":0},""question_order"":[0,1,2,3,4,5,6],""trial_type"":""survey-likert"",""trial_index"":5,""time_elapsed"":49734,""internal_node_id"":""0.0-5.0""}","{""rt"":14787.400000095,""response"":{""2VAIAK1"":0,""2VAIAK2"":0,""2VAIAK3"":0,""2VAIAK4"":0},""question_order"":[0,1,2,3],""trial_type"":""survey-likert"",""trial_index"":6,""time_elapsed"":64525,""internal_node_id"":""0.0-6.0""}","{""rt"":3830.9000000954,""response"":{""imgs_known"":""1-10""},""question_order"":[0],""trial_type"":""survey-multi-choice"",""trial_index"":253,""time_elapsed"":852229,""internal_node_id"":""0.0-253.0""}"
36,5dc082848531b10339bb55ac,622b583de6baafcac196edf3,6241bbe2096ce641bc16ae25,1,"{""rt"":15537.300000012,""response"":{""age"":""23"",""nationality"":""polish""},""trial_type"":""survey-html-form"",""trial_index"":3,""time_elapsed"":1036313,""internal_node_id"":""0.0-3.0""}","{""rt"":10363,""response"":{""demo_gender"":""male"",""demo_edu"":""secondary education"",""demo_colorblind"":""No""},""question_order"":[0,1,2],""trial_type"":""survey-multi-choice"",""trial_index"":4,""time_elapsed"":1046679,""internal_node_id"":""0.0-4.0""}","{""rt"":19451.800000012,""response"":{""VAIAK1"":2,""VAIAK2"":1,""VAIAK3"":3,""VAIAK4"":2,""VAIAK5"":2,""VAIAK6"":3,""VAIAK7"":2},""question_order"":[0,1,2,3,4,5,6],""trial_type"":""survey-likert"",""trial_index"":5,""time_elapsed"":1066133,""internal_node_id"":""0.0-5.0""}","{""rt"":17496.199999988,""response"":{""2VAIAK1"":0,""2VAIAK2"":1,""2VAIAK3"":2,""2VAIAK4"":1},""question_order"":[0,1,2,3],""trial_type"":""survey-likert"",""trial_index"":6,""time_elapsed"":1083632,""internal_node_id"":""0.0-6.0""}","{""rt"":5529,""response"":{""imgs_known"":""None""},""question_order"":[0],""trial_type"":""survey-multi-choice"",""trial_index"":243,""time_elapsed"":1097870,""internal_node_id"":""0.0-243.0""}"
39,5ff61abe2ac133164d8958d3,622b583de6baafcac196edf3,6241bbe427c47f592bcc38e2,1,"{""rt"":12812.5,""response"":{""age"":""19"",""nationality"":""polish""},""trial_type"":""survey-html-form"",""trial_index"":3,""time_elapsed"":20633,""internal_node_id"":""0.0-3.0""}","{""rt"":6205.7999999523,""response"":{""demo_gender"":""male"",""demo_edu"":""secondary education"",""demo_colorblind"":""No""},""question_order"":[0,1,2],""trial_type"":""survey-multi-choice"",""trial_index"":4,""time_elapsed"":26845,""internal_node_id"":""0.0-4.0""}","{""rt"":22504.699999809,""response"":{""VAIAK1"":5,""VAIAK2"":4,""VAIAK3"":3,""VAIAK4"":3,""VAIAK5"":4,""VAIAK6"":3,""VAIAK7"":4},""question_order"":[0,1,2,3,4,5,6],""trial_type"":""survey-likert"",""trial_index"":5,""time_elapsed"":49356,""internal_node_id"":""0.0-5.0""}","{""rt"":15537.099999905,""response"":{""2VAIAK1"":2,""2VAIAK2"":3,""2VAIAK3"":4,""2VAIAK4"":4},""question_order"":[0,1,2,3],""trial_type"":""survey-likert"",""trial_index"":6,""time_elapsed"":64898,""internal_node_id"":""0.0-6.0""}",
42,601e1cae7d6414276e39e5db,622b583de6baafcac196edf3,6241bbdb7968683044990eda,1,"{""rt"":13056.399999976,""response"":{""age"":""19"",""nationality"":""mexican""},""trial_type"":""survey-html-form"",""trial_index"":3,""time_elapsed"":35673,""internal_node_id"":""0.0-3.0""}","{""rt"":10677,""response"":{""demo_gender"":""non-binary"",""demo_edu"":""Bachelor's or equivalent"",""demo_colorblind"":""No""},""question_order"":[0,1,2],""trial_type"":""survey-multi-choice"",""trial_index"":4,""time_elapsed"":46359,""internal_node_id"":""0.0-4.0""}","{""rt"":48928.599999964,""response"":{""VAIAK1"":6,""VAIAK2"":5,""VAIAK3"":5,""VAIAK4"":6,""VAIAK5"":5,""VAIAK6"":5,""VAIAK7"":6},""question_order"":[0,1,2,3,4,5,6],""trial_type"":""survey-likert"",""trial_index"":5,""time_elapsed"":95315,""internal_node_id"":""0.0-5.0""}","{""rt"":29016.300000012,""response"":{""2VAIAK1"":0,""2VAIAK2"":2,""2VAIAK3"":5,""2VAIAK4"":0},""question_order"":[0,1,2,3],""trial_type"":""survey-likert"",""trial_index"":6,""time_elapsed"":124348,""internal_node_id"":""0.0-6.0""}","{""rt"":10669,""response"":{""imgs_known"":""1-10""},""question_order"":[0],""trial_type"":""survey-multi-choice"",""trial_index"":253,""time_elapsed"":1379634,""internal_node_id"":""0.0-253.0""}"
45,60fc7f3f9cc85bfba63d07b5,622b583de6baafcac196edf3,6241bbdc17003e5c8c58bad2,1,"{""rt"":10194.799999982,""response"":{""age"":""24"",""nationality"":""south african""},""trial_type"":""survey-html-form"",""trial_index"":3,""time_elapsed"":39977,""internal_node_id"":""0.0-3.0""}","{""rt"":11096.900000006,""response"":{""demo_gender"":""female"",""demo_edu"":""primary education"",""demo_colorblind"":""No""},""question_order"":[0,1,2],""trial_type"":""survey-multi-choice"",""trial_index"":4,""time_elapsed"":51082,""internal_node_id"":""0.0-4.0""}","{""rt"":36497.799999982,""response"":{""VAIAK1"":4,""VAIAK2"":4,""VAIAK3"":2,""VAIAK4"":5,""VAIAK5"":4,""VAIAK6"":5,""VAIAK7"":1},""question_order"":[0,1,2,3,4,5,6],""trial_type"":""survey-likert"",""trial_index"":5,""time_elapsed"":87592,""internal_node_id"":""0.0-5.0""}","{""rt"":32368.900000006,""response"":{""2VAIAK1"":0,""2VAIAK2"":0,""2VAIAK3"":5,""2VAIAK4"":0},""question_order"":[0,1,2,3],""trial_type"":""survey-likert"",""trial_index"":6,""time_elapsed"":119971,""internal_node_id"":""0.0-6.0""}","{""rt"":2717.3999999762,""response"":{""imgs_known"":""1-10""},""question_order"":[0],""trial_type"":""survey-multi-choice"",""trial_index"":243,""time_elapsed"":826485,""internal_node_id"":""0.0-243.0""}"
48,5f6cbceb1758e90a22144647,622b583de6baafcac196edf3,6241bbf271effeeb22be076a,1,"{""rt"":11847.399999991,""response"":{""age"":""21"",""nationality"":""portuguese""},""trial_type"":""survey-html-form"",""trial_index"":3,""time_elapsed"":24755,""internal_node_id"":""0.0-3.0""}","{""rt"":5907.200000003,""response"":{""demo_gender"":""female"",""demo_edu"":""Master's or equivalent"",""demo_colorblind"":""No""},""question_order"":[0,1,2],""trial_type"":""survey-multi-choice"",""trial_index"":4,""time_elapsed"":30666,""internal_node_id"":""0.0-4.0""}","{""rt"":15602.799999997,""response"":{""VAIAK1"":5,""VAIAK2"":5,""VAIAK3"":5,""VAIAK4"":5,""VAIAK5"":5,""VAIAK6"":5,""VAIAK7"":5},""question_order"":[0,1,2,3,4,5,6],""trial_type"":""survey-likert"",""trial_index"":5,""time_elapsed"":46274,""internal_node_id"":""0.0-5.0""}","{""rt"":64737.800000012,""response"":{""2VAIAK1"":3,""2VAIAK2"":3,""2VAIAK3"":5,""2VAIAK4"":5},""question_order"":[0,1,2,3],""trial_type"":""survey-likert"",""trial_index"":6,""time_elapsed"":111014,""internal_node_id"":""0.0-6.0""}",
51,60f44603ab889b8c011828d3,622b583de6baafcac196edf3,6241bbac8c48d4d90827837e,1,"{""rt"":13511,""response"":{""age"":""31"",""nationality"":""zimbabwean""},""trial_type"":""survey-html-form"",""trial_index"":3,""time_elapsed"":130197,""internal_node_id"":""0.0-3.0""}","{""rt"":11783,""response"":{""demo_gender"":""female"",""demo_edu"":""Bachelor's or equivalent"",""demo_colorblind"":""No""},""question_order"":[0,1,2],""trial_type"":""survey-multi-choice"",""trial_index"":4,""time_elapsed"":142010,""internal_node_id"":""0.0-4.0""}","{""rt"":30292,""response"":{""VAIAK1"":2,""VAIAK2"":0,""VAIAK3"":2,""VAIAK4"":2,""VAIAK5"":1,""VAIAK6"":1,""VAIAK7"":0},""question_order"":[0,1,2,3,4,5,6],""trial_type"":""survey-likert"",""trial_index"":5,""time_elapsed"":172329,""internal_node_id"":""0.0-5.0""}","{""rt"":37459,""response"":{""2VAIAK1"":0,""2VAIAK2"":1,""2VAIAK3"":1,""2VAIAK4"":1},""question_order"":[0,1,2,3],""trial_type"":""survey-likert"",""trial_index"":6,""time_elapsed"":209806,""internal_node_id"":""0.0-6.0""}","{""rt"":5637,""response"":{""imgs_known"":""None""},""question_order"":[0],""trial_type"":""survey-multi-choice"",""trial_index"":253,""time_elapsed"":5041191,""internal_node_id"":""0.0-253.0""}"
54,5f71f188f1e477097b57b598,622b583de6baafcac196edf3,6241bbf046e3ab83503fd1d7,1,"{""rt"":10522.099999905,""response"":{""age"":""18"",""nationality"":""slovenian""},""trial_type"":""survey-html-form"",""trial_index"":3,""time_elapsed"":44720,""internal_node_id"":""0.0-3.0""}","{""rt"":5730.8000001907,""response"":{""demo_gender"":""female"",""demo_edu"":""secondary education"",""demo_colorblind"":""No""},""question_order"":[0,1,2],""trial_type"":""survey-multi-choice"",""trial_index"":4,""time_elapsed"":50456,""internal_node_id"":""0.0-4.0""}","{""rt"":25597.099999905,""response"":{""VAIAK1"":5,""VAIAK2"":2,""VAIAK3"":2,""VAIAK4"":3,""VAIAK5"":3,""VAIAK6"":4,""VAIAK7"":3},""question_order"":[0,1,2,3,4,5,6],""trial_type"":""survey-likert"",""trial_index"":5,""time_elapsed"":76058,""internal_node_id"":""0.0-5.0""}","{""rt"":24770.299999952,""response"":{""2VAIAK1"":1,""2VAIAK2"":0,""2VAIAK3"":1,""2VAIAK4"":0},""question_order"":[0,1,2,3],""trial_type"":""survey-likert"",""trial_index"":6,""time_elapsed"":100832,""internal_node_id"":""0.0-6.0""}","{""rt"":8810.2999999523,""response"":{""imgs_known"":""11-25""},""question_order"":[0],""trial_type"":""survey-multi-choice"",""trial_index"":253,""time_elapsed"":1065191,""internal_node_id"":""0.0-253.0""}"
57,5f8861b049433030066f8bd0,622b583de6baafcac196edf3,6241bbfbfa43505d61e61115,1,"{""rt"":10340.6,""response"":{""age"":""21"",""nationality"":""portuguese""},""trial_type"":""survey-html-form"",""trial_index"":3,""time_elapsed"":73147,""internal_node_id"":""0.0-3.0""}","{""rt"":9366,""response"":{""demo_gender"":""male"",""demo_edu"":""Bachelor's or equivalent"",""demo_colorblind"":""No""},""question_order"":[0,1,2],""trial_type"":""survey-multi-choice"",""trial_index"":4,""time_elapsed"":82518,""internal_node_id"":""0.0-4.0""}","{""rt"":27806.8,""response"":{""VAIAK1"":4,""VAIAK2"":2,""VAIAK3"":2,""VAIAK4"":3,""VAIAK5"":3,""VAIAK6"":2,""VAIAK7"":1},""question_order"":[0,1,2,3,4,5,6],""trial_type"":""survey-likert"",""trial_index"":5,""time_elapsed"":110335,""internal_node_id"":""0.0-5.0""}","{""rt"":20937.9,""response"":{""2VAIAK1"":1,""2VAIAK2"":0,""2VAIAK3"":4,""2VAIAK4"":0},""question_order"":[0,1,2,3],""trial_type"":""survey-likert"",""trial_index"":6,""time_elapsed"":131283,""internal_node_id"":""0.0-6.0""}","{""rt"":8184.1999999993,""response"":{""imgs_known"":""1-10""},""question_order"":[0],""trial_type"":""survey-multi-choice"",""trial_index"":253,""time_elapsed"":2738850,""internal_node_id"":""0.0-253.0""}"
60,5fc138de740d620259a37583,622b583de6baafcac196edf3,6241bbd6b03602b2de05cd1b,1,"{""rt"":7836.8999998569,""response"":{""age"":""26"",""nationality"":""portuguese""},""trial_type"":""survey-html-form"",""trial_index"":3,""time_elapsed"":118842,""internal_node_id"":""0.0-3.0""}","{""rt"":6856.5999999046,""response"":{""demo_gender"":""male"",""demo_edu"":""Bachelor's or equivalent"",""demo_colorblind"":""No""},""question_order"":[0,1,2],""trial_type"":""survey-multi-choice"",""trial_index"":4,""time_elapsed"":125702,""internal_node_id"":""0.0-4.0""}","{""rt"":33679.099999905,""response"":{""VAIAK1"":4,""VAIAK2"":4,""VAIAK3"":1,""VAIAK4"":3,""VAIAK5"":1,""VAIAK6"":2,""VAIAK7"":3},""question_order"":[0,1,2,3,4,5,6],""trial_type"":""survey-likert"",""trial_index"":5,""time_elapsed"":159387,""internal_node_id"":""0.0-5.0""}","{""rt"":31056.299999952,""response"":{""2VAIAK1"":2,""2VAIAK2"":1,""2VAIAK3"":5,""2VAIAK4"":1},""question_order"":[0,1,2,3],""trial_type"":""survey-likert"",""trial_index"":6,""time_elapsed"":190450,""internal_node_id"":""0.0-6.0""}","{""rt"":2213.3999998569,""response"":{""imgs_known"":""1-10""},""question_order"":[0],""trial_type"":""survey-multi-choice"",""trial_index"":243,""time_elapsed"":887891,""internal_node_id"":""0.0-243.0""}"
63,5aef03893606ab0001b9333f,622b583de6baafcac196edf3,6241bbfa142db5791f2ad3d9,1,"{""rt"":12075,""response"":{""age"":""21"",""nationality"":""slovenian""},""trial_type"":""survey-html-form"",""trial_index"":3,""time_elapsed"":37037,""internal_node_id"":""0.0-3.0""}","{""rt"":12290,""response"":{""demo_gender"":""male"",""demo_edu"":""secondary education"",""demo_colorblind"":""No""},""question_order"":[0,1,2],""trial_type"":""survey-multi-choice"",""trial_index"":4,""time_elapsed"":49332,""internal_node_id"":""0.0-4.0""}","{""rt"":17726,""response"":{""VAIAK1"":6,""VAIAK2"":6,""VAIAK3"":6,""VAIAK4"":6,""VAIAK5"":6,""VAIAK6"":6,""VAIAK7"":4},""question_order"":[0,1,2,3,4,5,6],""trial_type"":""survey-likert"",""trial_index"":5,""time_elapsed"":67059,""internal_node_id"":""0.0-5.0""}","{""rt"":25645,""response"":{""2VAIAK1"":3,""2VAIAK2"":4,""2VAIAK3"":5,""2VAIAK4"":3},""question_order"":[0,1,2,3],""trial_type"":""survey-likert"",""trial_index"":6,""time_elapsed"":92707,""internal_node_id"":""0.0-6.0""}","{""rt"":9600,""response"":{""imgs_known"":""1-10""},""question_order"":[0],""trial_type"":""survey-multi-choice"",""trial_index"":253,""time_elapsed"":1303088,""internal_node_id"":""0.0-253.0""}"
66,5fe24a84d42dc5d922c4fc90,622b583de6baafcac196edf3,6241bbeb2af2b2904750c4e7,1,"{""rt"":37472.799999952,""response"":{""age"":""22"",""nationality"":""portuguese""},""trial_type"":""survey-html-form"",""trial_index"":3,""time_elapsed"":62333,""internal_node_id"":""0.0-3.0""}","{""rt"":8881.7999999523,""response"":{""demo_gender"":""female"",""demo_edu"":""Bachelor's or equivalent"",""demo_colorblind"":""No""},""question_order"":[0,1,2],""trial_type"":""survey-multi-choice"",""trial_index"":4,""time_elapsed"":71220,""internal_node_id"":""0.0-4.0""}","{""rt"":30038.899999857,""response"":{""VAIAK1"":5,""VAIAK2"":3,""VAIAK3"":4,""VAIAK4"":4,""VAIAK5"":4,""VAIAK6"":4,""VAIAK7"":2},""question_order"":[0,1,2,3,4,5,6],""trial_type"":""survey-likert"",""trial_index"":5,""time_elapsed"":101272,""internal_node_id"":""0.0-5.0""}","{""rt"":38484,""response"":{""2VAIAK1"":2,""2VAIAK2"":2,""2VAIAK3"":4,""2VAIAK4"":2},""question_order"":[0,1,2,3],""trial_type"":""survey-likert"",""trial_index"":6,""time_elapsed"":139763,""internal_node_id"":""0.0-6.0""}","{""rt"":15484.100000143,""response"":{""imgs_known"":""1-10""},""question_order"":[0],""trial_type"":""survey-multi-choice"",""trial_index"":253,""time_elapsed"":3423068,""internal_node_id"":""0.0-253.0""}"
69,60182492f958210009b2837c,622b583de6baafcac196edf3,6241bbe902002730236c1b4d,1,"{""rt"":10181.099999964,""response"":{""age"":""25"",""nationality"":""polish""},""trial_type"":""survey-html-form"",""trial_index"":3,""time_elapsed"":60306,""internal_node_id"":""0.0-3.0""}","{""rt"":7589,""response"":{""demo_gender"":""male"",""demo_edu"":""Bachelor's or equivalent"",""demo_colorblind"":""No""},""question_order"":[0,1,2],""trial_type"":""survey-multi-choice"",""trial_index"":4,""time_elapsed"":67897,""internal_node_id"":""0.0-4.0""}","{""rt"":24306.300000012,""response"":{""VAIAK1"":4,""VAIAK2"":4,""VAIAK3"":5,""VAIAK4"":5,""VAIAK5"":5,""VAIAK6"":5,""VAIAK7"":5},""question_order"":[0,1,2,3,4,5,6],""trial_type"":""survey-likert"",""trial_index"":5,""time_elapsed"":92210,""internal_node_id"":""0.0-5.0""}","{""rt"":30569.199999988,""response"":{""2VAIAK1"":2,""2VAIAK2"":3,""2VAIAK3"":5,""2VAIAK4"":2},""question_order"":[0,1,2,3],""trial_type"":""survey-likert"",""trial_index"":6,""time_elapsed"":122785,""internal_node_id"":""0.0-6.0""}","{""rt"":6701.7000000477,""response"":{""imgs_known"":""11-25""},""question_order"":[0],""trial_type"":""survey-multi-choice"",""trial_index"":243,""time_elapsed"":863690,""internal_node_id"":""0.0-243.0""}"
72,61558fcba8a52083225f4d21,622b583de6baafcac196edf3,6241bbb0c801707cabe3ed52,1,"{""rt"":10333.700000048,""response"":{""age"":""24"",""nationality"":""italian""},""trial_type"":""survey-html-form"",""trial_index"":3,""time_elapsed"":59558,""internal_node_id"":""0.0-3.0""}","{""rt"":7876.7999999523,""response"":{""demo_gender"":""male"",""demo_edu"":""Bachelor's or equivalent"",""demo_colorblind"":""No""},""question_order"":[0,1,2],""trial_type"":""survey-multi-choice"",""trial_index"":4,""time_elapsed"":67437,""internal_node_id"":""0.0-4.0""}","{""rt"":59232.799999952,""response"":{""VAIAK1"":4,""VAIAK2"":2,""VAIAK3"":2,""VAIAK4"":2,""VAIAK5"":1,""VAIAK6"":2,""VAIAK7"":0},""question_order"":[0,1,2,3,4,5,6],""trial_type"":""survey-likert"",""trial_index"":5,""time_elapsed"":126672,""internal_node_id"":""0.0-5.0""}","{""rt"":38279.599999905,""response"":{""2VAIAK1"":1,""2VAIAK2"":0,""2VAIAK3"":1,""2VAIAK4"":0},""question_order"":[0,1,2,3],""trial_type"":""survey-likert"",""trial_index"":6,""time_elapsed"":164954,""internal_node_id"":""0.0-6.0""}","{""rt"":3022.7000000477,""response"":{""imgs_known"":""1-10""},""question_order"":[0],""trial_type"":""survey-multi-choice"",""trial_index"":243,""time_elapsed"":1089860,""internal_node_id"":""0.0-243.0""}"
75,5f24454dca95ac000858bec9,622b583de6baafcac196edf3,6241bbe2194e9c6e04e2127c,1,"{""rt"":15226,""response"":{""age"":""42"",""nationality"":""spanish""},""trial_type"":""survey-html-form"",""trial_index"":3,""time_elapsed"":49266,""internal_node_id"":""0.0-3.0""}","{""rt"":7764,""response"":{""demo_gender"":""male"",""demo_edu"":""Master's or equivalent"",""demo_colorblind"":""No""},""question_order"":[0,1,2],""trial_type"":""survey-multi-choice"",""trial_index"":4,""time_elapsed"":57036,""internal_node_id"":""0.0-4.0""}","{""rt"":49446,""response"":{""VAIAK1"":6,""VAIAK2"":5,""VAIAK3"":2,""VAIAK4"":6,""VAIAK5"":5,""VAIAK6"":3,""VAIAK7"":4},""question_order"":[0,1,2,3,4,5,6],""trial_type"":""survey-likert"",""trial_index"":5,""time_elapsed"":106491,""internal_node_id"":""0.0-5.0""}","{""rt"":26192,""response"":{""2VAIAK1"":2,""2VAIAK2"":2,""2VAIAK3"":4,""2VAIAK4"":1},""question_order"":[0,1,2,3],""trial_type"":""survey-likert"",""trial_index"":6,""time_elapsed"":132690,""internal_node_id"":""0.0-6.0""}","{""rt"":11024,""response"":{""imgs_known"":""1-10""},""question_order"":[0],""trial_type"":""survey-multi-choice"",""trial_index"":253,""time_elapsed"":1014495,""internal_node_id"":""0.0-253.0""}"
78,611d44cef2f22947cd3ccafc,622b583de6baafcac196edf3,6241bbcf5d2903da2ab48ddf,1,"{""rt"":12286.899999976,""response"":{""age"":""22"",""nationality"":""irish""},""trial_type"":""survey-html-form"",""trial_index"":3,""time_elapsed"":42767,""internal_node_id"":""0.0-3.0""}","{""rt"":5756.3999999762,""response"":{""demo_gender"":""female"",""demo_edu"":""Bachelor's or equivalent"",""demo_colorblind"":""No""},""question_order"":[0,1,2],""trial_type"":""survey-multi-choice"",""trial_index"":4,""time_elapsed"":48535,""internal_node_id"":""0.0-4.0""}","{""rt"":19317.100000024,""response"":{""VAIAK1"":6,""VAIAK2"":4,""VAIAK3"":5,""VAIAK4"":5,""VAIAK5"":3,""VAIAK6"":4,""VAIAK7"":1},""question_order"":[0,1,2,3,4,5,6],""trial_type"":""survey-likert"",""trial_index"":5,""time_elapsed"":67863,""internal_node_id"":""0.0-5.0""}","{""rt"":23624.399999976,""response"":{""2VAIAK1"":1,""2VAIAK2"":2,""2VAIAK3"":5,""2VAIAK4"":0},""question_order"":[0,1,2,3],""trial_type"":""survey-likert"",""trial_index"":6,""time_elapsed"":91495,""internal_node_id"":""0.0-6.0""}","{""rt"":4736.8000000715,""response"":{""imgs_known"":""1-10""},""question_order"":[0],""trial_type"":""survey-multi-choice"",""trial_index"":253,""time_elapsed"":919117,""internal_node_id"":""0.0-253.0""}"
81,5fb14a073d81805bc65f6a4f,622b583de6baafcac196edf3,6241bbda17003e5c8c58bad1,1,"{""rt"":15868,""response"":{""age"":""25"",""nationality"":""czech""},""trial_type"":""survey-html-form"",""trial_index"":3,""time_elapsed"":111388,""internal_node_id"":""0.0-3.0""}","{""rt"":29345,""response"":{""demo_gender"":""female"",""demo_edu"":""secondary education"",""demo_colorblind"":""No""},""question_order"":[0,1,2],""trial_type"":""survey-multi-choice"",""trial_index"":4,""time_elapsed"":140744,""internal_node_id"":""0.0-4.0""}","{""rt"":80924,""response"":{""VAIAK1"":6,""VAIAK2"":2,""VAIAK3"":4,""VAIAK4"":5,""VAIAK5"":4,""VAIAK6"":2,""VAIAK7"":5},""question_order"":[0,1,2,3,4,5,6],""trial_type"":""survey-likert"",""trial_index"":5,""time_elapsed"":221678,""internal_node_id"":""0.0-5.0""}","{""rt"":44362,""response"":{""2VAIAK1"":0,""2VAIAK2"":1,""2VAIAK3"":4,""2VAIAK4"":0},""question_order"":[0,1,2,3],""trial_type"":""survey-likert"",""trial_index"":6,""time_elapsed"":266049,""internal_node_id"":""0.0-6.0""}","{""rt"":30078,""response"":{""imgs_known"":""11-25""},""question_order"":[0],""trial_type"":""survey-multi-choice"",""trial_index"":253,""time_elapsed"":4647713,""internal_node_id"":""0.0-253.0""}"
84,600563088f221175cc9eef01,622b583de6baafcac196edf3,6241bbb71e8ea67cbd588ec1,1,"{""rt"":7173.2000000002,""response"":{""age"":""31"",""nationality"":""polish""},""trial_type"":""survey-html-form"",""trial_index"":3,""time_elapsed"":34544,""internal_node_id"":""0.0-3.0""}","{""rt"":11468.8,""response"":{""demo_gender"":""male"",""demo_edu"":""Master's or equivalent"",""demo_colorblind"":""No""},""question_order"":[0,1,2],""trial_type"":""survey-multi-choice"",""trial_index"":4,""time_elapsed"":46016,""internal_node_id"":""0.0-4.0""}","{""rt"":29699.7,""response"":{""VAIAK1"":6,""VAIAK2"":2,""VAIAK3"":4,""VAIAK4"":4,""VAIAK5"":2,""VAIAK6"":5,""VAIAK7"":0},""question_order"":[0,1,2,3,4,5,6],""trial_type"":""survey-likert"",""trial_index"":5,""time_elapsed"":75720,""internal_node_id"":""0.0-5.0""}","{""rt"":39696,""response"":{""2VAIAK1"":1,""2VAIAK2"":3,""2VAIAK3"":4,""2VAIAK4"":1},""question_order"":[0,1,2,3],""trial_type"":""survey-likert"",""trial_index"":6,""time_elapsed"":115421,""internal_node_id"":""0.0-6.0""}","{""rt"":2579.5999999996,""response"":{""imgs_known"":""1-10""},""question_order"":[0],""trial_type"":""survey-multi-choice"",""trial_index"":243,""time_elapsed"":628672,""internal_node_id"":""0.0-243.0""}"
87,612a98181f4b6d1cf01f926c,622b583de6baafcac196edf3,6241bbc757a88b67a1c95d8a,1,"{""rt"":16409,""response"":{""age"":""21"",""nationality"":""south african""},""trial_type"":""survey-html-form"",""trial_index"":3,""time_elapsed"":233235,""internal_node_id"":""0.0-3.0""}","{""rt"":11027,""response"":{""demo_gender"":""male"",""demo_edu"":""Bachelor's or equivalent"",""demo_colorblind"":""No""},""question_order"":[0,1,2],""trial_type"":""survey-multi-choice"",""trial_index"":4,""time_elapsed"":244268,""internal_node_id"":""0.0-4.0""}","{""rt"":50984,""response"":{""VAIAK1"":5,""VAIAK2"":5,""VAIAK3"":5,""VAIAK4"":3,""VAIAK5"":5,""VAIAK6"":3,""VAIAK7"":1},""question_order"":[0,1,2,3,4,5,6],""trial_type"":""survey-likert"",""trial_index"":5,""time_elapsed"":295285,""internal_node_id"":""0.0-5.0""}","{""rt"":29408,""response"":{""2VAIAK1"":0,""2VAIAK2"":4,""2VAIAK3"":4,""2VAIAK4"":0},""question_order"":[0,1,2,3],""trial_type"":""survey-likert"",""trial_index"":6,""time_elapsed"":324699,""internal_node_id"":""0.0-6.0""}",
90,5fc0e980f17f0a02d5e5ff31,622b583de6baafcac196edf3,6241be778b22a2704d042c83,1,"{""rt"":9471,""response"":{""age"":""25"",""nationality"":""brazilian""},""trial_type"":""survey-html-form"",""trial_index"":3,""time_elapsed"":178296,""internal_node_id"":""0.0-3.0""}","{""rt"":13131,""response"":{""demo_gender"":""male"",""demo_edu"":""Bachelor's or equivalent"",""demo_colorblind"":""No""},""question_order"":[0,1,2],""trial_type"":""survey-multi-choice"",""trial_index"":4,""time_elapsed"":191429,""internal_node_id"":""0.0-4.0""}","{""rt"":43808,""response"":{""VAIAK1"":2,""VAIAK2"":3,""VAIAK3"":4,""VAIAK4"":3,""VAIAK5"":2,""VAIAK6"":2,""VAIAK7"":0},""question_order"":[0,1,2,3,4,5,6],""trial_type"":""survey-likert"",""trial_index"":5,""time_elapsed"":235241,""internal_node_id"":""0.0-5.0""}","{""rt"":25906,""response"":{""2VAIAK1"":0,""2VAIAK2"":0,""2VAIAK3"":5,""2VAIAK4"":0},""question_order"":[0,1,2,3],""trial_type"":""survey-likert"",""trial_index"":6,""time_elapsed"":261150,""internal_node_id"":""0.0-6.0""}","{""rt"":2943,""response"":{""imgs_known"":""1-10""},""question_order"":[0],""trial_type"":""survey-multi-choice"",""trial_index"":243,""time_elapsed"":936333,""internal_node_id"":""0.0-243.0""}"
93,612364605c7b6d1e7ba7b4f3,622b583de6baafcac196edf3,6241cd56fcce1c780705e0ce,1,"{""rt"":8309.6000003815,""response"":{""age"":""25"",""nationality"":""portuguese""},""trial_type"":""survey-html-form"",""trial_index"":3,""time_elapsed"":70328,""internal_node_id"":""0.0-3.0""}","{""rt"":13174.100000381,""response"":{""demo_gender"":""male"",""demo_edu"":""Master's or equivalent"",""demo_colorblind"":""No""},""question_order"":[0,1,2],""trial_type"":""survey-multi-choice"",""trial_index"":4,""time_elapsed"":83504,""internal_node_id"":""0.0-4.0""}","{""rt"":17044.599999428,""response"":{""VAIAK1"":3,""VAIAK2"":4,""VAIAK3"":3,""VAIAK4"":3,""VAIAK5"":3,""VAIAK6"":3,""VAIAK7"":2},""question_order"":[0,1,2,3,4,5,6],""trial_type"":""survey-likert"",""trial_index"":5,""time_elapsed"":100552,""internal_node_id"":""0.0-5.0""}","{""rt"":11291.899999619,""response"":{""2VAIAK1"":1,""2VAIAK2"":1,""2VAIAK3"":2,""2VAIAK4"":1},""question_order"":[0,1,2,3],""trial_type"":""survey-likert"",""trial_index"":6,""time_elapsed"":111848,""internal_node_id"":""0.0-6.0""}","{""rt"":3863.3000001907,""response"":{""imgs_known"":""1-10""},""question_order"":[0],""trial_type"":""survey-multi-choice"",""trial_index"":243,""time_elapsed"":991146,""internal_node_id"":""0.0-243.0""}"
96,5cfddbd3ee0b1500019fa84c,622b583de6baafcac196edf3,6241d0f70710a23c6eb936a2,1,"{""rt"":10019.700000001,""response"":{""age"":""30"",""nationality"":""greek""},""trial_type"":""survey-html-form"",""trial_index"":3,""time_elapsed"":43561,""internal_node_id"":""0.0-3.0""}","{""rt"":6996.8000000007,""response"":{""demo_gender"":""male"",""demo_edu"":""Master's or equivalent"",""demo_colorblind"":""No""},""question_order"":[0,1,2],""trial_type"":""survey-multi-choice"",""trial_index"":4,""time_elapsed"":50560,""internal_node_id"":""0.0-4.0""}","{""rt"":29709.100000001,""response"":{""VAIAK1"":4,""VAIAK2"":3,""VAIAK3"":2,""VAIAK4"":4,""VAIAK5"":3,""VAIAK6"":4,""VAIAK7"":2},""question_order"":[0,1,2,3,4,5,6],""trial_type"":""survey-likert"",""trial_index"":5,""time_elapsed"":80273,""internal_node_id"":""0.0-5.0""}","{""rt"":21148.4,""response"":{""2VAIAK1"":2,""2VAIAK2"":2,""2VAIAK3"":3,""2VAIAK4"":1},""question_order"":[0,1,2,3],""trial_type"":""survey-likert"",""trial_index"":6,""time_elapsed"":101424,""internal_node_id"":""0.0-6.0""}","{""rt"":3654.3999999985,""response"":{""imgs_known"":""1-10""},""question_order"":[0],""trial_type"":""survey-multi-choice"",""trial_index"":243,""time_elapsed"":677783,""internal_node_id"":""0.0-243.0""}"
99,5e8783b0fde5153fbd9dca43,622b583de6baafcac196edf3,6241d0f6bcc9c157384d5307,1,"{""rt"":10624.199999988,""response"":{""age"":""23"",""nationality"":""italian""},""trial_type"":""survey-html-form"",""trial_index"":3,""time_elapsed"":61817,""internal_node_id"":""0.0-3.0""}","{""rt"":20178.5,""response"":{""demo_gender"":""female"",""demo_edu"":""Bachelor's or equivalent"",""demo_colorblind"":""No""},""question_order"":[0,1,2],""trial_type"":""survey-multi-choice"",""trial_index"":4,""time_elapsed"":82016,""internal_node_id"":""0.0-4.0""}","{""rt"":48015.099999964,""response"":{""VAIAK1"":6,""VAIAK2"":5,""VAIAK3"":3,""VAIAK4"":5,""VAIAK5"":5,""VAIAK6"":6,""VAIAK7"":2},""question_order"":[0,1,2,3,4,5,6],""trial_type"":""survey-likert"",""trial_index"":5,""time_elapsed"":130057,""internal_node_id"":""0.0-5.0""}","{""rt"":29121.900000036,""response"":{""2VAIAK1"":0,""2VAIAK2"":3,""2VAIAK3"":5,""2VAIAK4"":1},""question_order"":[0,1,2,3],""trial_type"":""survey-likert"",""trial_index"":6,""time_elapsed"":159201,""internal_node_id"":""0.0-6.0""}","{""rt"":3638.3000000119,""response"":{""imgs_known"":""1-10""},""question_order"":[0],""trial_type"":""survey-multi-choice"",""trial_index"":243,""time_elapsed"":933496,""internal_node_id"":""0.0-243.0""}"
102,5baf6705848bbd0001d6fc8a,622b583de6baafcac196edf3,6241d0f6db1d4a78a0e0d265,1,"{""rt"":7742.9000000954,""response"":{""age"":""27"",""nationality"":""polish""},""trial_type"":""survey-html-form"",""trial_index"":3,""time_elapsed"":76963,""internal_node_id"":""0.0-3.0""}","{""rt"":6646.4000000954,""response"":{""demo_gender"":""female"",""demo_edu"":""Bachelor's or equivalent"",""demo_colorblind"":""No""},""question_order"":[0,1,2],""trial_type"":""survey-multi-choice"",""trial_index"":4,""time_elapsed"":83628,""internal_node_id"":""0.0-4.0""}","{""rt"":33447,""response"":{""VAIAK1"":3,""VAIAK2"":3,""VAIAK3"":3,""VAIAK4"":4,""VAIAK5"":4,""VAIAK6"":4,""VAIAK7"":2},""question_order"":[0,1,2,3,4,5,6],""trial_type"":""survey-likert"",""trial_index"":5,""time_elapsed"":117091,""internal_node_id"":""0.0-5.0""}","{""rt"":21280.800000191,""response"":{""2VAIAK1"":2,""2VAIAK2"":2,""2VAIAK3"":3,""2VAIAK4"":2},""question_order"":[0,1,2,3],""trial_type"":""survey-likert"",""trial_index"":6,""time_elapsed"":138384,""internal_node_id"":""0.0-6.0""}","{""rt"":48707.299999952,""response"":{""imgs_known"":""1-10""},""question_order"":[0],""trial_type"":""survey-multi-choice"",""trial_index"":243,""time_elapsed"":1587492,""internal_node_id"":""0.0-243.0""}"
